Llo_10087_70,A,G,TTGAAATTGCTTTGTG,TTGAAACTGCTTTGTG,CCATACTCTACCGTTGCTACTGTT,0,0
Llo_10220_35,T,C,CAGACTGTCAAAGACAG,CAGACTGTCAGAGACAG,CAGGAGTGTCTTACTCTGGCATC,0,0
Llo_10529_40,G,A,CTGATGCATGTTCTCTC,CTGATGCATATTCTCTC,TGCAGGACAATTCTCATTTCCTTCT,0.75,0
Llo_11010_33,T,G,CCTTCAAGGTTTCC,CCTTCACGGTTTCC,GGGAGAGATCCCTCTTCGCT,0,0
Llo_11514_36,A,G,CAAGGAATATTGGA[C/A]CCC,CAAGGAATACTGGA[C/A]CCC,TGCAGGACTCAAAGTATTTACTCAGG,0.3,0
Llo_11920_47,C,T,AGGAACAATGTCAGTAGGTC,AGGAACAATGTCAATAGGTC,GCCTCATCCTTCCATTTGGGTTT,0,0
Llo_12582_58,G,C,CAAGGGCCGCTTCG,CAAGGGGCGCTTCG,CTGGAGATCGGCGAGATGAT,0,0
Llo_12683_63,G,A,CACCTACGATCCGCATG,CACCTATGATCCGCATG,GGCCACGCTCACATCCA,0,0
Llo_12922_53,T,A,CAAAACTCCCATACTCC,CAAAACTCCCTTACTCC,TGCAGGAGATCAACATAGTGCTT,0,0
Llo_12951_61,C,G,ATGGAAGGCAGGAGG,ATGGAAGCCAGGAGG,AAAAGAGGGAAGGAAGGAAGGAAAG,0,0
Llo_1352_59,C,G,AGCTGGTAGTTAGCCC,AGCTGGTACTTAGCCC,AAGGACAGGTGAGCTGCAC,0.7,0
Llo_13617_30,G,A,TTAAACACTGTGTCTTGG,TTAAACATTGTGTCTTGG,AGGAGCCCGCGAATAAACAA,0,0
Llo_13743_73,C,T,TGAACGGCCCCGGTTT,TGAACGGTCCCGGTTT,GGGTTTTCCTCTTGATGTTATTTGTAGAG,0,0.1
Llo_13945_52,A,G,GGACTTCATAA[C/A]CCCAGCTT,GGACTTCACAA[C/A]CCCAGCTT,CGCGCTCAGCTAACCAATG,0,0
Llo_13964_41,G,C,ATGGGTGAAAAGGTCCA,ATGGGTGAAAACGTCCA,GGACGTTGTACCACAGTCC,0,0
Llo_14254_45,T,C,ATGAAAAGGAGAAAATTTAGA,ATGAAAAGGAGAAAGTTTAGA,CAGGAAGTTAAACAGAATAGGCCTACA,0,0
Llo_14308_39,A,G,CAGAAGATAAGAGGAA,CAGAAGACAAGAGGAA,TGCAGGGTAAGACTTGCTG,0,0
Llo_14524_41,C,T,CACTTCAAAGTGTTGAAAC,CACTTCAAAGTATTGAAAC,TGCAGGACTAAACCTAATATTTCATGTT,0,0
Llo_1470_61,T,A,CCCCAGGGATCTAAT,CCCCAGGGTTCTAAT,GGGTAGCCATTAGGGAAACAAGAC,0.6,0
Llo_15017_36,C,G,AGATTCATGATCGCCC,AGATTCATGATCCCCC,TGCAGGACTCCTTTTCAGC,2.75,0
Llo_15267_61,G,A,CATGGTCAACAGCAACT,CATGGTTAACAGCAACT,TCAGTGATTGGTGGGAGGAGTATAT,0,0
Llo_16015_66,A,G,AGCAAGAGGATTTCTAG,AGCAAGAGGACTTCTAG,ACAACAACAAGAGTGAGAGAAACACA,0,0
Llo_16479_30,A,G,CAAACGTTTTCAAATACATG,CAAACGTTTTCAAGTACATG,CAGGTCCAGCTAACATCTTCCA,0,0
Llo_16517_73,A,C,TATGTGTGGTGCGTT,TATGTGCGGTGCGTT,TTCAACCCCAAGTCGATTGTGT,1.2,0
Llo_16810_35,C,T,AAGGGAATGTGGTCTGCT,AGGGAATGTGATCTGCT,GCAGGTCACAAAGGTGGAGAAT,0.3,0
Llo_17481_55,G,C,CCAGGCCCTTCTG,CCAGGGCCTTCTG,GTAGGAGAAAGGCTGTGATGAGTTC,0.4,0
Llo_18378_39,G,A,AAGGCCCGCAAGATCAA,AAGGCCCGTAAGATCAA,AGCGGCACCGAGGAC,0,0.4
Llo_18573_50,T,G,AGGGAAAACCCAGAGTTA,AGGGAAAACCCCGAGTTA,GGATGGGCCGGTGGG,0,0
Llo_18888_67,C,A,GATATCGTCATCAGAG,GATATCTTCATCAGAG,CTGATTCTGGCTGTCCTTAACCT,0,0
Llo_19057_34,T,C,TATTTTAACCTAGAATAAAT,TATTTTAGCCTAGAATAAAT,TGCAGGGTAAATACTAGGGTACAT,0,0
Llo_19067_67,A,T,GTG[G/C]CG[T/G]TAACTGC,GTG[G/C]CG[T/G]AAACTGC,CCGTCAAGATTGCAAGGATTTGT,0.3,0
Llo_19280_64,A,G,AGCCAAATCCACAAAG,AGCCAAACCCACAAAG,CTGCAACAAAGAGAGAGAGGAAGAA,0,0
Llo_19362_58,C,G,AAACATTTGGCTGAGCC,AAACATTTGGCTGACCC,TGCAGGATGGAGAAGAGTTTGT,0.1,0
Llo_19759_64,T,A,TCACTACACTGAATGTGTTT,TCACTACACTGATTGTGTTT,GGTTTGAGTGAACCTAAAAGGTGTGT,0,2.1
Llo_20263_60,T,G,TTCATTCCAACAGCACCT,TTCATTCCAACCGCACCT,CAGTGACCCAAAACAATTGTCTGT,0,0
Llo_20374_49,C,G,CC[C/T]GGCCCTCGTTT,CC[C/T]GCCCCTCGTTT,GGTCATCTGAGGCTTGTCTAACC,0,1.8
Llo_20547_37,A,G,AAAAGATACTATAGCGT,AAAAGACACTATAGCGT,GGTCCAGACACCAAGACACA,0,0
Llo_20831_45,G,C,CACAAACAAACCTCTGAAAG,CACAAAGAAACCTCTGAAAG,CAACAGCTGCAGCGTGAA,0,0.1
Llo_20926_42,A,G,CTCTCATGG[C/A]CCATTTTGA,CTCTCACGG[C/A]CCATTTTGA,CGCTGCGATGGCAGATG,0,0
Llo_21398_42,G,A,GTGTATGCGAGAGAGG,GTGTATGTGAGAGAGG,CCAGTGGTACGGGCTGA,0,0
Llo_21666_33,T,G,GGAGGGGG[A/G]G[A/G]GAG,GGAGGGGG[A/G]G[A/G]GCG,GTTTGCATGTGGGTGAGGAG,0,0
Llo_21806_51,G,A,TGGGCCGCTGTTTGA,TGGGCCGCTATTTGA,CCGTCAGGTCTGCATGCAT,0,0
Llo_22552_44,A,C,TGATGGTGGGTGTGT,TGAGGGTGGGTGTGT,GCTGGCCGGGTGGA,1,0
Llo_226_37,T,C,AAGGTAGGATGCAACG,AAGGTAGGGTGCAACG,CGTGCGTGAGGTGGAGAG,0,0
Llo_22742_41,T,A,TCTATAAGCTCATTATTCTATC,TCTATAAGCTCATTTTTCTATC,TGCAGGTGACGCATTGC,0,0
Llo_22935_45,G,T,CAGAGGCGATGGAAGTG,CAGAGGAGATGGAAGTG,CATCAACCCCTTCGTCTCCTT,0,0
Llo_231_30,A,G,TCCATCACCTGGCTGG,TCCATCACCCGGCTGG,TGCAGGTCGTAGCATTAA,0,0
Llo_2323_46,T,G,TTTGGATATGAGAATACG,TTGGATATGCGAATACG,TGCAGGAAAGCAGCAGAG,0,0
Llo_23287_43,C,T,CCTTCTTCAAGGCCACC,CCTTCTTCAAAGCCACC,AGCGAAGGCCCAAAGCT,0,0
Llo_23437_74,C,T,AGAACCACAGTCTGCT,AGAACCACAATCTGCT,TCGACATCAGCTGTACATTGTTTGA,0,0
Llo_23491_55,G,A,CATTACCCTCGCCAA,CATTACCTTCGCCAA,ACAGCTCTTTGACCACTTTTCAGA,0,0
Llo_23590_68,T,C,CAAACATTACACATATCG,CAAACATTACGCATATCG,CAGACTCAATGGACATTAGGATGTAATTG,0,0
Llo_23705_49,A,G,GCACCTTCAGAGGC,GCACCTCCAGAGGC,TGCAGGCCCATCAGGAA,0,0
Llo_23809_62,T,A,ACGATCTCGACA[A/G]CGAG,ACGATCTCGTCA[A/G]CGAG,TGCGCTGTATGCGGAAGAA,0,0.3
Llo_23870_47,G,A,ATGAGAACAACTGAGAGACG,ATGAGAACAACTAAGAGACG,GGGAGAACCTTTGAGCCAACT,3,0
Llo_23916_44,G,T,CATTACCACTGGTAGTCAA,CATTACAACTGGTAGTCAA,CAGGTAGACTGCATCTTAAGGCTAT,0,0
Llo_23933_59,C,T,AAAGCCCAGCTATGCC,AAAGCCCAACTATGCC,CACGGTGTGAAACAGTCTGTAAGA,0,0
Llo_24259_57,A,C,CTGTCCCAGTAATGAC,TGTCCCCGTAATGAC,TGCAGGAAACTGCTCAGC,0,0
Llo_24437_70,G,A,CTCTATACATTCTGCT,CTTTATACATTCTGCT,GGTCACGCCTAACGAATGTTC,0,0
Llo_24611_35,T,A,CACACTCTAAGCATTCT,CACACTCTATGCATTCT,AGGTGTGTGTGTGCTCACA,0,0
Llo_24699_61,T,A,CGGGGCATGTGTCCT,CGGGGCTTGTGTCCT,TGAAGTGGAGGCGCTTGT,0,0
Llo_24916_57,C,T,GTGTTTATGTTAGTGGCTGTG,GTGTTTATATTAGTGGCTGTG,TGCAGGTGTTGTGTTATTGTAGCTT,0,0
Llo_25417_37,T,C,GGAAAGGAAACCCGA,GGAAAGGGAACCCGA,CCGGACGCGTGTTAACC,0,0
Llo_25568_43,A,C,CAAACATGAGATGTGCA,CAAACAGGAGATGTGCA,TGCAGGAAAGGATAAGAGGTTTACA,0,0
Llo_2559_72,T,C,TTTTAAGGGCATCGCT,TTTTAGGGGCATCGCT,GTCGCGTGTCTGTTTGCA,0,0
Llo_26638_47,C,T,CCAGCACGGAGTCC,CCAGCACAGAGTCC,CAGGCAGTCACAGTTCTCAGA,0,0
Llo_27_60,C,T,CTGTCATGCGTTTGTC,CTGTCATGCATTTGTC,CCTTGAAGGAGGAATCACTGTCA,0,0.6
Llo_2756_43,G,T,AAAAAGCTACCTCCACATACAC,AAAAAGCTACTTCCACATACAC,CAGGGAGAAAACCAACTGTCTATCA,0,0
Llo_28716_72,T,G,TTCAAACAGTACAAATTGTA,TTCAAACAGTACACATTGTA,CTCCTAAGCAGACCATTCAACAGA,0,0
Llo_28893_70,T,C,TTAACACTACACACATT,TTAACACTACACGCATT,TGTAAAAAATGTCTATGCTTAGCAGTCGAA,0,0
Llo_2940_51,T,C,TAGAAGGACAAAGAAGACTT,AAGGACAAAGGAGACTT,AGCAGGTGGAGGAGGATCAA,0,0
Llo_3096_60,G,T,TACACTTCATTAGGAAACAAGGCTTT,TACACTTAATTAGGAAACAAGGCTTT,TGCGAAGTAACGCCTAGTCATAAAA,0,0
Llo_31098_32,A,G,AATTAGCTCTACATTACGGC,TTAGCTCTACGTTACGGC,TGCAGGGCGGAGGATTG,0,0
Llo_31379_67,T,C,CAGAC[A/C]CTATT[A/T]CG,CAGGC[A/C]CTATT[A/T]CG,CCTCGCATAGCGTGGAGA,0.4,0
Llo_31816_64,C,T,ACCGACTATGAAACTGT,ACCGACTATAAAACTGT,CCAGTCTGAACCAGTGTGTTGT,0,0
Llo_31882_41,G,A,GTCCCG[T/C]GGTTGCACATT,GTCCCG[T/C]GGTCGCACATT,CAAAGCGCTGCACACACA,0,1.4
Llo_3315_46,C,T,AGTCCAAGAAGGAGCAGG,AGTCCAAAAAGGAGCAGG,GCGGAGAAGGCCAAGCT,0,0
Llo_3331_34,G,C,CTAGGACTGCAAGCAG,CTAGGAGTGCAAGCAG,TGCAGGACACACACAATTGTACTAA,0,0
Llo_3824_38,C,G,CGTTGTCCTTGAAC,CGTTGTCGTTGAAC,GCTGAAGGGCAGCAGCT,0,0
Llo_440_74,G,A,CCTTCTGTAGTTGTGGAAAG,CCTTCTGTAGTTATGGAAAG,ACCCTGAGGAGAGGCATTTACT,0,0
Llo_4513_58,A,G,CACCCTTCCTACCATCT,CCCTTCCCACCATCT,GGCTCCGTCACCTTGGA,0,0
Llo_4578_59,G,A,TTAGTCTCAGTGACAGAGATTT,TAGTCCCAGTGACAGAGATTT,CCTCATTGATTTAAGTGACGCTGTT,0,2
Llo_4719_41,C,T,CAAACATGCGCCCACAC,CAAACATGCACCCACAC,GCTTACAGGGTCCTTCATCAGA,0,0
Llo_4866_51,T,G,CTCAAAATGCAGCTTT,CTCACAATGCAGCTTTCA,CGTCATCAGTAGTAGTCAATGGCATT,0,0
Llo_5379_37,G,A,CTTGGCACATTACTGTTGG,CTTGGTACATTACTGTTGG,TGTCTCTCTCGCACACATTGTC,0,0
Llo_5764_68,C,A,CCCCCCAAAAAGT,CCCCCAAAAAAGT,AGACAAACACAAGTCAGTGGACAT,0,0
Llo_6648_38,T,C,AGCCCTTTACAATGCT,CCCTTTGCAATGCT,GGGCTATGAATATTTATCCCAAAG,0,0
Llo_7294_52,G,A,[C/T]TATCATTCATAGCTGCTGC,[C/T]TATCATTCACAGCTGCTGC,AGGTTGTTGGGAAAGCTAATTGACA,0,0
Llo_7395_54,A,C,AATTTTAGAAAGACAAAG,AATTGTAGAAAGACAAAGCA,ACGATGACTTAGCTTGCTAACAACT,0.3,0
Llo_7463_56,A,G,TGTATTTAAATGTACAACGT,TGTATTCAAATGTACAACG,GACAAAGCCGGCGAATCATT,0,0
Llo_7989_41,A,T,CCAGATCCCTCCACATCA,CAGATCCCACCACATCA,TGCAGGCAGCACCTTTACTC,0,0
Llo_8233_39,T,C,TTCGTCAAGGGCTTTGTG,TTCGTCGAGGGCTTTGT,GCTTGTGACGTTCCCTATTTAACCT,0.1,0
Llo_8287_42,A,G,TGGAAGTGTGGAGAGG,TGGAAGCGTGGAGAG,GCGTCTGGAGACAGTGCAT,0,0
Llo_8403_67,T,C,TCCTCCCTTCAAATAGCTCCAT,TCCTCCCTTGAAATAGCTCCAT,AGGAAGACTTCCCCGGAGA,0,0
Llo_9117_50,C,T,CCTGCTCGCTTCCCA,CCTGCTCACTTCCCA,GGTGAATCCCACTGAGATGTTCT,0,0
Llo_9176_74,A,G,GGGATATGTGAGAAAAAT,GGGATACGTGAGAAAAA,CGACACGCCACATACATACATACAT,0,0
Llo186187_37,X,Y,GAGGGGGGTGTGTGAA,GAGGGGGGGGTGTGAA,GCACCTGTGAAGGGGTATGA,0,0
